{"score":0.2222222238779068,"defends":[{"frame":87686,"input":{"towers":[],"units":[{"x":0.0416666679084301,"y":0.4809523820877075,"health":1.0,"type":[0,1,0,0]}],"walls":[{"x":0.9583333134651184,"y":0.4809523820877075,"health":1.0,"type":[]},{"x":0.18888889253139497,"y":0.7666666507720947,"health":1.0,"type":[]},{"x":0.5888888835906982,"y":0.8476190567016602,"health":1.0,"type":[]},{"x":0.5972222089767456,"y":0.19523809850215913,"health":1.0,"type":[]}],"attackerResources":0.02734375,"defenderResources":0.140625},"output":{"x":0.591535747051239,"y":0.8016707897186279,"health":1.0,"type":[0,1,0]}}]}