{"score":0.24444444477558137,"defends":[{"frame":109554,"input":{"towers":[],"units":[],"walls":[{"x":0.9583333134651184,"y":0.4809523820877075,"health":1.0,"type":[]},{"x":0.18888889253139497,"y":0.7666666507720947,"health":1.0,"type":[]},{"x":0.5888888835906982,"y":0.8476190567016602,"health":1.0,"type":[]},{"x":0.5972222089767456,"y":0.19523809850215913,"health":1.0,"type":[]}],"attackerResources":0.037109375,"defenderResources":0.267578125},"output":{"x":0.7941982746124268,"y":0.7294809818267822,"health":1.0,"type":[0,0,1]}}]}