{"score":0.2222222238779068,"defends":[{"frame":94651,"input":{"towers":[],"units":[],"walls":[{"x":0.9583333134651184,"y":0.4809523820877075,"health":1.0,"type":[]},{"x":0.18888889253139497,"y":0.7666666507720947,"health":1.0,"type":[]},{"x":0.5888888835906982,"y":0.8476190567016602,"health":1.0,"type":[]},{"x":0.5972222089767456,"y":0.19523809850215913,"health":1.0,"type":[]}],"attackerResources":0.037109375,"defenderResources":0.033203125},"output":{"x":0.03341853618621826,"y":0.19391250610351563,"health":1.0,"type":[1,0,0]}}]}